Film Adı;IMDb Puanı;Oy Sayısı;Yönetmen;Yazar;Tür;Bütçe;Ülke;Yorum Sayısı;Çıkış Yılı;Film Süresi;;;;
Esaretin Bedeli;9,03;3000000;Frank Darabont;Stephen King;Epic;$25,000,000 ;United States;11.400;1994;2h 22m;;;;
Baba;9,02;2100000;Francis Ford Coppola;Mario Puzo;Epic;$6,000,000 ;United States;5.800;1972;2h 55m;;;;
Kara Şövalye;9;3000000;Christopher Nolan;Jonathan Nolan;Epic;$185,000,000 ;United States;9000;2008;2h 32m;;;;
Baba 2;9;1400000;Francis Ford Coppola;Francis Ford Coppola;Epic;$13,000,000 ;United States;1.400;1974;3h 22m;;;;
12 Öfkeli Adam;9;912000;Sidney Lumet;Reginald Rose;Drama;$350,000 ;United States;2.200;1957;1h 36m;;;;
Yüzüklerin Efendisi: Kralın Dönüşü;9;2100000;Peter Jackson;J.R.R. Tolkien;Epic;$94,000,000 ;New Zealand;4.300;2003;3h 21m;;;;
Schindler'in Listesi;9;1500000;Steven Spielberg;Thomas Keneally;Drama;$22,000,000 ;United States;2.300;1993;3h 15m;;;;
Ucuz Roman;8,09;2300000;Quentin Tarantino;Quentin Tarantino;Comedy;$8,000,000 ;United States;3.700;1994;2h 34m;;;;
Yüzüklerin Efendisi: Yüzük Kardeşliği;8,09;2100000;Peter Jackson;J.R.R. Tolkien;Epic;$93,000,000 ;New Zealand;5.900;2001;2h 58m;;;;
İyi Kötü ve Çirkin;8,09;844000;Sergio Leone;Luciano Vincenzoni;Epic;$1,200,000 ;Italy;1.400;1966;2h 41m;;;;
Forrest Gump;8,08;2400000;Robert Zemeckis;Winston Groom;Epic;$55,000,000 ;United States;3.300;1994;2h 22m;;;;
Yüzüklerin Efendisi: İki Kule;8,08;1900000;Peter Jackson;J.R.R. Tolkien;Epic;$94,000,000 ;New Zealand;2.800;2002;2h 59m;;;;
Dövüş Kulübü;8,08;2400000;David Fincher;Chuck Palahniuk;Drama;$63,000,000 ;Germany;4.600;1999;2h 19m;;;;
Başlangıç;8,08;2700000;Christopher Nolan;Christopher Nolan;Epic;$160,000,000 ;United States;4.900;2010;2h 28m;;;;
Yıldız Savaşları: İmparator;8,07;1400000;Irvin Kershner;Leigh Brackett;Epic;$18,000,000 ;United States;1.500;1980;2h 4m;;;;
Matrix;8,07;2100000;Lana Wachowski;Lilly Wachowski;Epic;$63,000,000 ;United States;5.100;1999;2h 16m;;;;
Sıkı Dostlar;8,07;1300000;Martin Scorsese;Nicholas Pileggi;Drama;$25,000,000 ;United States;1.700;1990;2h 25m;;;;
Guguk Kuşu;8,07;1100000;Milos Forman;Lawrence Hauben;Drama;$3,000,000 ;United States;1.200;1975;2h 13m;;;;
Yıldızlararası;8,07;2300000;Christopher Nolan;Jonathan Nolan;Epic;$165,000,000 ;United States;6.500;2014;2h 49m;;;;
Yedi;8,06;1900000;David Fincher;Andrew Kevin Walker;Drama;$33,000,000 ;United States;200;1995;2h 7m;;;;
Şahane Hayat;8,06;523000;Frank Capra;Frances Goodrich;Romance;$3,180,000 ;United States;1.300;1946;2h 10m;;;;
Yedi Samuray: Kanlı Pirinç;8,06;380000;Akira Kurosawa;Akira Kurosawa;Epic;¥125,000,000 ;Japan;880;1954;3h 27m;;;;
Kuzuların Sessizliği;8,06;1600000;Jonathan Demme;Thomas Harris;Police Procedural;$19,000,000 ;United States;1.700;1991;1h 58m;;;;
Er Ryan'ı Kurtarmak;8,06;1600000;Steven Spielberg;Robert Rodat;Epic;$70,000,000 ;United States;300;1998;2h 49m;;;;
Tanrı Kent;8,06;830000;Fernando Meirelles;Bráulio Mantovani;Caper;R$3,300,000 ;Brazil;1.200;2002;2h 10m;;;;
Yeşil Yol;8,06;1500000;Frank Darabont;Stephen King;Drama;$60,000,000 ;United States;2.200;1999;3h 9m;;;;
Hayat Güzeldir;8,06;770000;Roberto Benigni;Vincenzo Cerami;Drama;ITL 15,000,000,000 ;Italy;1.500;1997;1h 56m;;;;
Terminatör 2: Mahşer Günü;8,06;1200000;James Cameron;James Cameron;Epic;$102,000,000 ;United States;1.600;1991;2h 17m;;;;
Yıldız Savaşları: Bölüm IV - Yeni Bir Umut;8,06;1500000;George Lucas;George Lucas;Epic;$11,000,000 ;United States;2.100;1977;2h 1m;;;;
Geleceğe Dönüş;8,05;1400000;Robert Zemeckis;Robert Zemeckis;Comedy;$19,000,000 ;United States;1.600;1985;1h 56m;;;;
Ruhların Kaçışı;8,06;896000;Hayao Miyazaki;Hayao Miyazaki;Anime;$19,000,000 ;Japan;1.700;2001;2h 4m;;;;
Piyanist;8,05;956000;Roman Polanski;Ronald Harwood;Drama;$35,000,000 ;France;1.100;2002;2h 30m;;;;
Gladyatör;8,05;1700000;Ridley Scott;David Franzoni;Epic;$103,000,000 ;United States;3.100;2000;2h 35m;;;;
Parazit;8,05;1000000;Bong Joon Ho;Bong Joon Ho;Comedy;$11,400,000 ;South Korea;3.600;2019;2h 12m;;;;
Sapık;8,05;746000;Alfred Hitchcock;Joseph Stefano;Comedy;$806,947 ;United States;1.600;1960;1h 49m;;;;
Aslan Kral;8,05;1200000;Roger Allers;Irene Mecchi;Adventure;$45,000,000 ;United States;1.200;1994;1h 28m;;;;
Ateşböceklerinin Mezarı;8,05;340000;Isao Takahata;Akiyuki Nosaka;Animation;$3,700,000 ;Japan;1000;1988;1h 28m;;;;
Köstebek;8,05;1500000;Martin Scorsese;William Monahan;Drama;$90,000,000 ;United States;2.600;2006;2h 31m;;;;
Whiplash;8,05;1100000;Damien Chazelle;Damien Chazelle;Drama;$3,300,000 ;United States;1.800;2014;1h 46m;;;;
Seppuku;8,06;78000;Masaki Kobayashi;Yasuhiko Takiguchi;Drama;Bilinmiyor;Japan;347;1962;2h 13m;;;;
Geçmişin Gölgesinde;8,05;1200000;Tony Kaye;David McKenna;Drama;$20,000,000 ;United States;1.700;1998;1h 59m;;;;
Prestij;8,05;1500000;Christopher Nolan;Jonathan Nolan;Drama;$40,000,000 ;United Kingdom;1.800;2006;2h 10m;;;;
Sevginin Gücü;8,05;1300000;Luc Besson;Luc Besson;Gangster;$16,000,000 ;France;1.500;1994;1h 50m;;;;
Örümcek-Adam: Örümcek Evrenine Geçiş;8,05;437000;Joaquim Dos Santos;Phil Lord;Animation;$150,000,000 ;United States;1.600;2023;2h 20m;;;;
Casablanca;8,05;626000;Michael Curtiz;Julius J. Epstein;Drama;$950,000 ;United States;1.600;1942;1h 42m;;;;
Olağan Şüpheliler;8,05;1200000;Bryan Singer;Christopher McQuarrie;Caper;$6,000,000 ;United States;1.500;1995;1h 46m;;;;
Can Dostum;8,05;967000;Olivier Nakache;Olivier Nakache;Drama;€9,500,000 ;France;909;2011;1h 52m;;;;
Cennet Sineması;8,05;298000;Giuseppe Tornatore;Giuseppe Tornatore;Coming-of-Age;$5,000,000 ;Italy;676;1988;2h 54m;;;;
Asri Zamanlar;8,05;270000;Charles Chaplin;Charles Chaplin;Comedy;$1,500,000 ;United States;403;1936;1h 27m;;;;
Yaratık;8,05;1000000;Ridley Scott;Dan O'Bannon;Cyberpunk;$11,000,000 ;United Kingdom;1.900;1979;1h 57m;;;;
Arka Pencere;8,05;541000;Alfred Hitchcock;John Michael Hayes;Thriller;$1,000,000 ;United States;1000;1954;1h 52m;;;;
Batıda Kan Var;8,05;364000;Sergio Leone;Sergio Donati;Adventure;$5,000,000 ;Italy;899;1968;2h 46m;;;;
Zincirsiz;8,05;1800000;Quentin Tarantino;Quentin Tarantino;Comedy;$100,000,000 ;United States;1.900;2012;2h 45m;;;;
Şehir Işıkları;8,05;205000;Charles Chaplin;Charles Chaplin;Romance;$1,500,000 ;United States;391;1931;1h 27m;;;;
Dune: Çöl Gezegeni Bölüm İki;8,05;599000;Denis Villeneuve;Denis Villeneuve;Epic;$190,000,000 ;United States;2.600;2024;2h 46m;;;;
Kıyamet;8,05;735000;Francis Ford Coppola;John Milius;Epic;$31,500,000 ;United States;1.400;1979;2h 27m;;;;
Akıl Defteri;8,05;1400000;Christopher Nolan;Christopher Nolan;Thriller;$9,000,000 ;United States;2.500;2000;1h 53m;;;;
VOL·i;8,05;1200000;Andrew Stanton;Andrew Stanton;Epic;$180,000,000 ;United States;1.500;2008;1h 38m;;;;
Kutsal Hazine Avcıları;8,04;1100000;Steven Spielberg;Lawrence Kasdan;Epic;$18,000,000 ;United States;1.200;1981;1h 55m;;;;
Başkalarının Hayatı;8,04;424000;Florian Henckel von Donnersmarck;Florian Henckel von Donnersmarck;Thriller;$2,000,000 ;Germany;599;2006;2h 17m;;;;
Yenilmezler: Sonsuzluk Savaşı;8,04;1300000;Anthony Russo;Christopher Markus;Sci-Fi;$321,000,000 ;United States;4.600;2018;2h 29m;;;;
Sunset Bulvarı;8,04;247000;Billy Wilder;Charles Brackett;Comedy;$1,752,000 ;United States;782;1950;1h 50m;;;;
Örümcek Adam: Örümcek Evreninde;8,04;717000;Bob Persichetti;Phil Lord;Animation;$90,000,000 ;Canada;2.200;2018;1h 57m;;;;
Zafer Yolları;8,04;224000;Stanley Kubrick;Stanley Kubrick;Epic;$935,000 ;United States;564;1957;1h 28m;;;;
Beklenmeyen Şahit;8,04;148000;Billy Wilder;Agatha Christie;Drama;$3,000,000 ;United States;394;1957;1h 56m;;;;
Cinnet;8,04;1200000;Stanley Kubrick;Stephen King;Comedy;$19,000,000 ;United Kingdom;2.300;1980;2h 26m;;;;
Şarlo Diktatör;8,04;247000;Charles Chaplin;Charles Chaplin;Parody;$2,000,000 ;United States;351;1940;2h 5m;;;;
Bitmeyen Sınav;8,04;143000;Vidhu Vinod Chopra;Vidhu Vinod Chopra;Drama;Bilinmiyor;India;986;2023;2h 27m;;;;
Yaratık 2: Yaratığın Dönüşü;7,04;802000;James Cameron;James Cameron;Alien Invasion;$18,500,000 ;United Kingdom;1.600;1986;2h 17m;;;;
Soysuzlar Çetesi;8,04;1700000;Quentin Tarantino;Quentin Tarantino;Comedy;$70,000,000 ;United States;2.200;2009;2h 33m;;;;
Kara Şövalye Yükseliyor;8,04;1900000;Christopher Nolan;Jonathan Nolan;Epic;$250,000,000 ;United States;4000;2012;2h 44m;;;;
Coco;8,04;638000;Lee Unkrich;Lee Unkrich;Animation;$175,000,000 ;United States;1.400;2017;1h 45m;;;;
Amadeus;8,04;444000;Milos Forman;Peter Shaffer;Drama;$18,000,000 ;United States;785;1984;2h 40m;;;;
Oyuncak Hikayesi;8,03;1100000;John Lasseter;John Lasseter;Comedy;$30,000,000 ;United States;818;1995;1h 21m;;;;
Yenilmezler: Son Oyun;8,04;1300000;Anthony Russo;Christopher Markus;Sci-Fi;$356,000,000 ;United States;9.600;2019;3h 1m;;;;
İhtiyar Delikanlı;8,03;669000;Park Chan-wook;Garon Tsuchiya;Comedy;$3,000,000 ;South Korea;1.300;2003;2h;;;;
Garip Doktor;8,03;534000;Stanley Kubrick;Stanley Kubrick;Comedy;$1,800,000 ;United Kingdom;1.000;1964;1h 35m;;;;
Can Dostum;8,03;1100000;Gus Van Sant;Matt Damon;Coming-of-Age;$10,000,000 ;United States;1.100;1997;2h 6m;;;;
Amerikan Güzeli;8,03;1200000;Sam Mendes;Alan Ball;Drama;$15,000,000 ;United States;3.100;1999;2h 2m;;;;
U-Bot: Denizaltı;8,04;277000;Wolfgang Petersen;Wolfgang Petersen;Epic;DEM 32,000,000 ;West Germany;611;1981;2h 29m;;;;
Cesur Yürek;8,03;1100000;Mel Gibson;Randall Wallace;Drama;$72,000,000 ;United States;1.500;1995;2h 58m;;;;
Prenses Mononoke;8,03;454000;Hayao Miyazaki;Hayao Miyazaki;Epic;¥2,400,000,000 ;Japan;860;1997;2h 13m;;;;
Senin Adın;8,04;348000;Makoto Shinkai;Makoto Shinkai;Anime;¥370,000,000 ;Japan;1000;2016;1h 46m;;;;
Yüksek ve Alçak;8,04;58000;Akira Kurosawa;Hideo Oguni;Police Procedural;¥230,000,000 ;Japan;180;1963;2h 23m;;;;
3 Ahmak;8,04;453000;Rajkumar Hirani;Abhijat Joshi;Coming-of-Age;₹550,000,000 ;India;1000;2009;2h 50m;;;;
Joker;8,03;1600000;Todd Phillips;Todd Phillips;Drama;$55,000,000 ;United States;11.600;2019;2h 2m;;;;
Bir Zamanlar Amerika;8,03;391000;Sergio Leone;Harry Grey;Comedy;$30,000,000 ;Italy;891;1984;3h 49m;;;;
Yağmur Altında;8,03;270000;Stanley Donen;Betty Comden;Classic Musical;$2,540,800 ;United States;842;1952;1h 43m;;;;
Kefernahum;8,04;114000;Nadine Labaki;Nadine Labaki;Drama;$4,000,000 ;Lebanon;518;2018;2h 6m;;;;
Gel ve Gör;8,03;109000;Elem Klimov;Ales Adamovich;Epic;Bilinmiyor;Soviet Union;705;1985;2h 22m;;;;
Bir Rüya İçin Ağıt;8,03;930000;Darren Aronofsky;Hubert Selby Jr.;Drama;$4,500,000 ;United States;2.500;2000;1h 42m;;;;
Oyuncak Hikayesi 3;8,03;923000;Lee Unkrich;John Lasseter;Animation;$200,000,000 ;United States;1000;2010;1h 43m;;;;
Yıldız Savaşları: Jedi'nin Dönüşü;8,03;1200000;Richard Marquand;Lawrence Kasdan;Epic;$32,500,000 ;United States;1000;1983;2h 11m;;;;
Onur Savaşı;8,03;383000;Thomas Vinterberg;Thomas Vinterberg;Drama;DKK 20,000,000 ;Denmark;614;2012;1h 55m;;;;
Sil Baştan;8,03;1100000;Michel Gondry;Charlie Kaufman;Romance;$20,000,000 ;United States;2.100;2004;1h 48m;;;;
Yaşamak;8,03;95000;Akira Kurosawa;Akira Kurosawa;Drama;Bilinmiyor;Japan;302;1952;2h 23m;;;;
2001: Uzay Yolu Macerası;8,03;746000;Stanley Kubrick;Stanley Kubrick;Epic;$12,000,000 ;United Kingdom;2.700;1968;2h 29m;;;;
Rezervuar Köpekleri;8,03;1100000;Quentin Tarantino;Quentin Tarantino;Gangster;$1,200,000 ;United States;1.400;1992;1h 39m;;;;
Garsoniyer;8,03;206000;Billy Wilder;Billy Wilder;Farce;$3,000,000 ;United States;460;1960;2h 5m;;;;
Lawrence of Arabia;8,03;326000;David Lean;Robert Bolt;Epic;$15,000,000 ;United Kingdom;816;1962;3h 47m;;;;
İçimdeki Yangın;8,03;222000;Denis Villeneuve;Wajdi Mouawad;Suspense Mystery;$6,800,000 ;Canada;407;2010;2h 11m;;;;
Yaralı Yüz;8,03;953000;Brian De Palma;Oliver Stone;Crime;$50,000,000 ;United States;1.300;1983;2h 50m;;;;
Çifte Tazminat;8,03;173000;Billy Wilder;Billy Wilder;Film Noir;$927,262 ;United States;502;1944;1h 47m;;;;
Gizli Teşkilât;8,03;358000;Alfred Hitchcock;Ernest Lehman;Spy;$3,101,000 ;United States;781;1959;2h 16m;;;;
Büyük Hesaplaşma;8,03;747000;Michael Mann;Michael Mann;Epic;$60,000,000 ;United States;1.400;1995;2h 50m;;;;
Yurttaş Kane;8,03;478000;Orson Welles;Herman J. Mankiewicz;Epic;$839,727 ;United States;1.700;1941;1h 59m;;;;
Bir Şehir Katilini Arıyor;8,03;175000;Fritz Lang;Thea von Harbou;Thriller;Bilinmiyor;Germany;456;1931;1h 57m;;;;
Yukarı Bak;8,03;1200000;Pete Docter;Pete Docter;Coming-of-Age;$175,000,000 ;United States;1.100;2009;1h 36m;;;;
Full Metal Jacket;8,03;815000;Stanley Kubrick;Stanley Kubrick;Comedy;$30,000,000 ;United Kingdom;1000;1987;1h 56m;;;;
Ölüm Korkusu;8,03;441000;Alfred Hitchcock;Alec Coppel;Thriller;$2,479,000 ;United States;1.100;1958;2h 8m;;;;
Amelie;8,03;813000;Jean-Pierre Jeunet;Guillaume Laurant;Romance;$10,000,000 ;France;1.600;2001;2h 2m;;;;
Oppenheimer;8,03;855000;Christopher Nolan;Christopher Nolan;Drama;$100,000,000 ;United States;4.300;1971;2h 16m;;;;
Otomatik Portakal;8,03;905000;Stanley Kubrick;Stanley Kubrick;Comedy;$2,200,000 ;United Kingdom;1.700;2023;3h;;;;
Bülbülü Öldürmek;8,03;341000;Robert Mulligan;Harper Lee;Drama;$2,000,000 ;United States;664;1962;2h 9m;;;;
Bir Ayrılık;8,03;267000;Asghar Farhadi;Asghar Farhadi;Drama;$500,000 ;Iran;455;2011;2h 3m;;;;
Zor Ölüm;8,03;983000;John McTiernan;Roderick Thorp;Disaster;$28,000,000 ;United States;1.200;1988;2h 12m;;;;
Belalılar;8,03;288000;George Roy Hill;David S. Ward;Caper;$5,500,000 ;United States;402;1973;2h 9m;;;;
Her Çocuk Özeldir;8,03;215000;Aamir Khan;Amole Gupte;Drama;Bilinmiyor;India;469;2007;2h 42m;;;;
Indiana Jones: Son Macera;8,03;832000;Steven Spielberg;Jeffrey Boam;Epic;$48,000,000 ;United States;758;1989;2h 7m;;;;
Metropolis;8,03;193000;Fritz Lang;Thea von Harbou;Sci-Fi;DEM 6,000,000 ;Germany;590;1927;2h 33m;;;;
Kapışma;8,02;938000;Guy Ritchie;Guy Ritchie;Caper;£6,000,000 ;United Kingdom;977;2000;1h 44m;;;;
1917;8,02;717000;Sam Mendes;Sam Mendes;Epic;$95,000,000 ;United Kingdom;3.500;2024;2h 17m;;;;
Los Angeles Sırları;8,02;636000;Curtis Hanson;James Ellroy;Thriller;$35,000,000 ;United States;892;2019;1h 59m;;;;
Ainda Estou Aqui;8,02;74000;Walter Salles;Murilo Hauser;Drama;R$8,000,000 ;Brazil;469;1997;2h 18m;;;;
Bisiklet Hırsızları;8,02;183000;Vittorio De Sica;Cesare Zavattini;Tragedy;$133,000 ;Italy;395;1948;1h 29m;;;;
Çöküş;8,02;385000;Oliver Hirschbiegel;Bernd Eichinger;Drama;€13,500,000 ;Germany;726;2004;2h 36m;;;;
Dangal;8,03;222000;Nitesh Tiwari;Piyush Gupta;Action;₹700,000,000 ;India;504;2016;2h 41m;;;;
Taksi Şoförü;8,02;966000;Martin Scorsese;Paul Schrader;Drama;$1,300,000 ;United States;1.500;1976;1h 54m;;;;
Hamilton;8,03;125000;Thomas Kail;Lin-Manuel Miranda;Epic;Bilinmiyor;United States;763;2020;2h 40m;;;;
Para Avcısı;8,02;1700000;Martin Scorsese;Terence Winter;Comedy;$100,000,000 ;United States;1.900;2013;3h;;;;
Batman Başlıyor;8,02;1600000;Christopher Nolan;Bob Kane;Epic;$150,000,000 ;United States;3.200;2005;2h 20m;;;;
Yeşil Rehber;8,02;622000;Peter Farrelly;Nick Vallelonga;Drama;$23,000,000 ;United States;1.800;2018;2h 10m;;;;
Birkaç Dolar İçin;8,02;285000;Sergio Leone;Sergio Leone;Action;$600,000 ;Italy;382;1965;2h 12m;;;;
Bazıları Sıcak Sever;8,02;292000;Billy Wilder;Billy Wilder;Comedy;$2,883,848 ;United States;526;1959;2h 1m;;;;
Truman Show;8,02;1300000;Peter Weir;Andrew Niccol;Comedy;$60,000,000 ;United States;1.500;1998;1h 43m;;;;
Nürenberg Duruşması;8,03;90000;Stanley Kramer;Abby Mann;Drama;$3,000,000 ;United States;281;1961;2h 59m;;;;
Yumurcak;8,02;140000;Charles Chaplin;Charles Chaplin;Comedy;$250,000 ;United States;306;1921;1h 8m;;;;
Baba;8,02;208000;Florian Zeller;Christopher Hampton;Drama;$6,000,000 ;United Kingdom;1.100;2020;1h 37m;;;;
Zindan Adası;8,02;1500000;Martin Scorsese;Laeta Kalogridis;Thriller;$80,000,000 ;United States;1.700;2010;2h 18m;;;;
Perde Açılıyor;8,02;143000;Joseph L. Mankiewicz;Joseph L. Mankiewicz;Drama;$1,400,000 ;United States;457;1950;2h 18m;;;;
Kan Dökülecek;8,02;664000;Paul Thomas Anderson;Paul Thomas Anderson;Epic;$25,000,000 ;United States;1.600;2007;2h 38m;;;;
Jurassic Park;8,02;1100000;Steven Spielberg;Michael Crichton;Adventure;$63,000,000 ;United States;1.400;1993;2h 7m;;;;
Casino;8,02;586000;Martin Scorsese;Nicholas Pileggi;Drama;$52,000,000 ;United States;802;1995;2h 58m;;;;
Altıncı His;8,02;1100000;M. Night Shyamalan;M. Night Shyamalan;Drama;$40,000,000 ;United States;2.400;1999;1h 47m;;;;
Ran;8,02;142000;Akira Kurosawa;Akira Kurosawa;Epic;$11,500,000 ;Japan;361;1985;2h 40m;;;;
Top Gun: Maverick;8,02;758000;Joseph Kosinski;Jim Cash;Epic;$170,000,000 ;United States;4.400;2022;2h 10m;;;;
İhtiyarlara Yer Yok;8,02;1100000;Ethan Coen;Joel Coen;Contemporary Western;$25,000,000 ;United States;2.200;2007;2h 2m;;;;
Şey;8,02;491000;John Carpenter;Bill Lancaster;Alien Invasion;$15,000,000 ;United States;1.400;1982;1h 49m;;;;
Pan'ın Labirenti;8,02;720000;Guillermo del Toro;Guillermo del Toro;Coming-of-Age;$19,000,000 ;Mexico;1.400;2006;1h 58m;;;;
Affedilmeyen;8,02;449000;Clint Eastwood;David Webb Peoples;Drama;$14,400,000 ;United States;759;1992;2h 10m;;;;
Akıl Oyunları;8,02;1000000;Ron Howard;Akiva Goldsman;Drama;$58,000,000 ;United States;1.400;2001;2h 15m;;;;
Bill'i Öldür: Bölüm 1;8,02;1200000;Quentin Tarantino;Quentin Tarantino;Martial Arts;$30,000,000 ;United States;2.500;2003;1h 51m;;;;
Altın Hazineleri;8,02;136000;John Huston;John Huston;Tragedy;$3,000,000 ;United States;343;1948;2h 6m;;;;
Yojimbo;8,02;136000;Akira Kurosawa;Akira Kurosawa;Action;Bilinmiyor;Japan;251;1961;1h 50m;;;;
Tutsak;8,02;857000;Denis Villeneuve;Aaron Guzikowski;Thriller;$46,000,000 ;United States;1.300;2013;2h 33m;;;;
Kayıp Balık Nemo;8;1100000;Andrew Stanton;Andrew Stanton;Adventure;$94,000,000 ;United States;1.100;2003;1h 40m;;;;
Büyük Firar;8,02;266000;John Sturges;Paul Brickhill;Drama;$4,000,000 ;United States;463;1963;2h 52m;;;;
Monty Python ve Kutsal Kâse;8,02;584000;Terry Gilliam;Graham Chapman;Farce;£229,575 ;United Kingdom;884;1975;1h 31m;;;;
Yürüyen Şato;8,02;475000;Hayao Miyazaki;Hayao Miyazaki;Epic;$24,000,000 ;Japan;624;2004;1h 59m;;;;
Fil Adam;8,02;270000;David Lynch;Christopher De Vore;Drama;$5,000,000 ;United States;565;1980;2h 4m;;;;
Cinayet var;8,02;196000;Alfred Hitchcock;Frederick Knott;Crime;$1,400,000 ;United States;453;1954;1h 45m;;;;
Vahşi Robot;8,02;137000;Chris Sanders;Chris Sanders;Artificial Intelligence;$78,000,000 ;United States;819;2024;1h 42m;;;;
Rasomon: Sarı Irkın Şehveti;8,02;187000;Akira Kurosawa;Ryûnosuke Akutagawa;Drama;$250,000 ;Japan;437;1950;1h 28m;;;;
Rüzgâr Gibi Geçti;8,02;344000;Victor Fleming;Margaret Mitchell;Drama;$3,977,000 ;United States;1000;1939;3h 58m;;;;
Çin Mahallesi;8,01;362000;Roman Polanski;Robert Towne;Thriller;$6,000,000 ;United States;669;1974;2h 10m;;;;
Klaus: Sihirli Plan;8,02;210000;Sergio Pablos;Sergio Pablos;Animation;$40,000,000 ;Spain;894;2019;1h 36m;;;;
Gözlerindeki Sır;8,02;230000;Juan José Campanella;Eduardo Sacheri;Romance;$2,000,000 ;Argentina;372;2009;2h 9m;;;;
Ateşten Kalbe Akıldan Dumana;8,01;631000;Guy Ritchie;Guy Ritchie;Farce;£960,000 ;United Kingdom;670;1998;1h 47m;;;;
V for Vendetta;8,01;1200000;James McTeigue;Lilly Wachowski;Sci-Fi;$54,000,000 ;United States;2.500;2005;2h 12m;;;;
Ters Yüz;8,01;855000;Pete Docter;Pete Docter;Coming-of-Age;$175,000,000 ;United States;1.300;2015;1h 35m;;;;
Üç Billboard Ebbing Çıkışı,Missouri;8,01;576000;Martin McDonagh;Martin McDonagh;Comedy;$15,000,000 ;United Kingdom;1.400;2017;1h 55m;;;;
Trainspotting;8,01;744000;Danny Boyle;Irvine Welsh;Comedy;£1,500,000 ;United Kingdom;733;1996;1h 33m;;;;
Kwai Köprüsü;8,01;240000;David Lean;Pierre Boulle;Adventure;$3,000,000 ;United Kingdom;409;1957;2h 41m;;;;
Kızgın Boğa;8,01;392000;Martin Scorsese;Jake LaMotta;Boxing;$18,000,000 ;United States;716;1980;2h 9m;;;;
Sıkıysa Yakala;8,01;1100000;Steven Spielberg;Frank Abagnale Jr.;Caper;$52,000,000 ;United States;1000;2002;2h 21m;;;;
Fargo;8,01;748000;Joel Coen;Ethan Coen;Drama;$7,000,000 ;United Kingdom;1.100;1996;1h 38m;;;;
Büyük Dövüş;8,01;511000;Gavin O'Connor;Gavin O'Connor;Boxing;$25,000,000 ;United States;878;2011;2h 20m;;;;
Harry Potter ve Ölüm Yadigârları: Bölüm 2;8,01;986000;David Yates;Steve Kloves;Dark Fantasy;$125,000,000 ;United Kingdom;1.100;2011;2h 10m;;;;
Gran Torino;8,01;833000;Clint Eastwood;Nick Schenk;Drama;$33,000,000 ;Germany;1.100;2008;1h 56m;;;;
Milyonluk Bebek;8,01;741000;Clint Eastwood;Paul Haggis;Boxing;$30,000,000 ;United States;1.400;2004;2h 12m;;;;
Örümcek Adam: Eve Dönüş Yok;8,01;935000;Jon Watts;Chris McKenna;Superhero;$200,000,000 ;United States;6.100;2021;2h 28m;;;;
Komşum Totoro;8,01;401000;Hayao Miyazaki;Hayao Miyazaki;Anime;$3,700,000 ;Japan;628;1988;1h 26m;;;;
Çılgın Max: Öfkeli Yollar;8,01;1200000;George Miller;George Miller;Epic;$150,000,000 ;Australia;2.400;2015;2h;;;;
Ben-Hur;8,01;261000;William Wyler;Lew Wallace;Epic;$15,000,000 ;United States;526;1959;3h 32m;;;;
Cennetin Çocukları;8,01;85000;Majid Majidi;Majid Majidi;Drama;$180,000 ;Iran;203;1997;1h 29m;;;;
Barry Lyndon;8,01;191000;Stanley Kubrick;Stanley Kubrick;Drama;$11,000,000 ;United Kingdom;579;1975;3h 5m;;;;
12 Yıllık Esaret;8,01;759000;Steve McQueen;John Ridley;Drama;$20,000,000 ;United Kingdom;1000;2013;2h 14m;;;;
Gün Doğmadan;8,01;355000;Richard Linklater;Richard Linklater;Drama;$2,500,000 ;United States;679;1995;1h 41m;;;;
Ölüm Takibi;8,01;847000;Ridley Scott;Hampton Fancher;Artificial Intelligence;$28,000,000 ;United States;1.800;1982;1h 57m;;;;
Büyük Budapeşte Oteli;8,01;917000;Wes Anderson;Stefan Zweig;Caper;$25,000,000 ;United States;1.100;2014;1h 39m;;;;
Ölü Ozanlar Derneği;8,01;582000;Peter Weir;Tom Schulman;Coming-of-Age;$16,400,000 ;United States;892;1989;2h 8m;;;;
Savaş Vadisi;8,01;628000;Mel Gibson;Robert Schenkkan;Drama;$40,000,000 ;United States;1.200;2016;2h 19m;;;;
Kayıp Kız;8,01;1100000;David Fincher;Gillian Flynn;Thriller;$61,000,000 ;United States;1.800;2014;2h 29m;;;;
Cinayet Günlüğü;8,01;235000;Bong Joon Ho;Bong Joon Ho;Comedy;$2,800,000 ;South Korea;459;2003;2h 11m;;;;
Babam İçin;8,01;194000;Jim Sheridan;Gerry Conlon;Drama;$13,000,000 ;Ireland;231;1993;2h 13m;;;;
Sevimli Canavarlar;8,01;1000000;Pete Docter;Pete Docter;Comedy;$115,000,000 ;United States;826;2001;1h 32m;;;;
Ratatuy;8,01;872000;Brad Bird;Brad Bird;Adventure;$150,000,000 ;United States;942;2007;1h 51m;;;;
Altına Hücum;8,01;123000;Charles Chaplin;Charles Chaplin;Farce;$923,000 ;United States;290;1925;1h 35m;;;;
Asabiyim Ben;8,01;226000;Damián Szifron;Julian Loyola;Comedy;$3,300,000 ;Argentina;302;2014;2h 2m;;;;
Ejderhanı Nasıl Eğitirsin;8,01;833000;Dean DeBlois;William Davies;Animation;$165,000,000 ;United States;776;2010;1h 38m;;;;
Sherlock Jr.;8,01;61000;Buster Keaton;Jean C. Havez;Bumbling Detective;Bilinmiyor;United States;399;1924;45m;;;;
Jaws;8,01;687000;Steven Spielberg;Peter Benchley;Horror;$7,000,000 ;United States;1.500;1975;2h 4m;;;;
Avcı;8,01;373000;Michael Cimino;Michael Cimino;Epic;$15,000,000 ;United States;1.200;1978;3h 3m;;;;
General;8,01;102000;Clyde Bruckman;Buster Keaton;Farce;$750,000 ;United States;373;1926;1h 18m;;;;
Mary ve Max;8,01;194000;Adam Elliot;Adam Elliot;Animation;A$8,240,000 ;Australia;278;2009;1h 32m;;;;
Asfaltın Kralları;8,01;512000;James Mangold;Jez Butterworth;Drama;$97,600,000 ;United States;1.700;2019;2h 32m;;;;
Dehşet Yolcuları;8,01;69000;Henri-Georges Clouzot;Georges Arnaud;Drama;Bilinmiyor;France;213;1953;2h 36m;;;;
Rıhtımlar Üstünde;8,01;171000;Elia Kazan;Budd Schulberg;Drama;$910,000 ;United States;407;1954;1h 48m;;;;
Mr. Smith Washington'a Gidiyor;8,01;125000;Frank Capra;Sidney Buchman;Drama;$1,900,000 ;United States;359;1939;2h 9m;;;;
Yaban Çilekleri;8,01;119000;Ingmar Bergman;Ingmar Bergman;Drama;Bilinmiyor;Sweden;239;1957;1h 32m;;;;
Mihrace;8,01;64000;Nithilan Saminathan;Nithilan Saminathan;Action;₹200,000,000 ;India;465;2024;2h 21m;;;;
Üçüncü Adam Kim?;8,01;188000;Carol Reed;Graham Greene;Film Noir;Bilinmiyor;United Kingdom;573;1949;1h 44m;;;;
X-Men: Logan;8,01;880000;James Mangold;James Mangold;Sci-Fi;$97,000,000 ;United States;1.800;2017;2h 17m;;;;
Rocky;8,01;653000;John G. Avildsen;Sylvester Stallone;Boxing;$960,000 ;United States;879;1976;2h;;;;
Tokyo Hikâyesi;8,01;73000;Yasujirô Ozu;Kôgo Noda;Drama;Bilinmiyor;Japan;256;1953;2h 17m;;;;
Büyük Lebowski;8,01;883000;Joel Coen;Ethan Coen;Comedy;$15,000,000 ;United Kingdom;1.500;1998;1h 57m;;;;
Spotlight;8,01;515000;Tom McCarthy;Josh Singer;Drama;$20,000,000 ;United States;737;2015;2h 9m;;;;
Yedinci Mühür;8,01;206000;Ingmar Bergman;Ingmar Bergman;Drama;$150,000 ;Sweden;436;1957;1h 36m;;;;
Terminatör: Yok Edici;8,01;956000;James Cameron;James Cameron;Artificial Intelligence;$6,400,000 ;United Kingdom;1.100;1984;1h 47m;;;;
Gizli Dünya;8,01;464000;Lenny Abrahamson;Emma Donoghue;Drama;$13,000,000 ;Ireland;841;2015;1h 58m;;;;
Demon Slayer: Kimetsu No Yaiba - Orchestra Concert - Mugen Train Arc;8,01;30000;Haruo Sotozaki;Koyoharu Gotouge;Anime;Bilinmiyor;Japan;22;2021;1h 27m;;;;
Karayıp Korsanları: Siyah İnci'nin Laneti;8,01;1300000;Gore Verbinski;Ted Elliott;Adventure;$140,000,000 ;United States;2.400;2003;2h 23m;;;;
Ruanda Oteli;8,01;381000;Terry George;Keir Pearson;Drama;$17,500,000 ;United States;817;2004;2h 1m;;;;
Protesto - Nefret;8,01;208000;Mathieu Kassovitz;Mathieu Kassovitz;Gangster;€2,590,000 ;France;302;1995;1h 38m;;;;
Müfreze;8,01;452000;Oliver Stone;Oliver Stone;Drama;$6,000,000 ;United States;723;1986;2h;;;;
Jai Bhim;8,01;224000;T.J. Gnanavel;T.J. Gnanavel;Drama;Bilinmiyor;India;3.300;2021;2h 44m;;;;
Gün Batmadan;8,01;299000;Richard Linklater;Richard Linklater;Drama;$2,700,000 ;France;625;2004;1h 20m;;;;
Hayatımızın En Güzel Yılları;8,01;73000;William Wyler;Robert E. Sherwood;Epic;$2,100,000 ;United States;374;1946;2h 50m;;;;
La passion de Jeanne d'Arc;8,01;64000;Carl Theodor Dreyer;Joseph Delteil;Drama;Bilinmiyor;France;258;1928;1h 50m;;;;
Şeytan;8,01;473000;William Friedkin;William Peter Blatty;Horror;$11,000,000 ;United States;1.500;1973;2h 2m;;;;
Oz Büyücüsü;8,01;446000;Victor Fleming;Noel Langley;Epic;$2,777,000 ;United States;882;1939;1h 42m;;;;
İnanılmaz Aile;8;845000;Brad Bird;Brad Bird;Animation;$92,000,000 ;United States;1000;2004;1h 55m;;;;
Zafere Hücum;8,01;530000;Ron Howard;Peter Morgan;Drama;$38,000,000 ;United Kingdom;694;2013;2h 3m;;;;
Neşeli Günler;8,01;273000;Robert Wise;Georg Hurdalek;Classic Musical;$8,200,000 ;United States;589;1965;2h 52m;;;;
Hachi: Bir Köpeğin Hikâyesi;8,01;324000;Lasse Hallström;Stephen P. Lindsey;Adventure;$16,000,000 ;United Kingdom;676;2009;1h 33m;;;;
Benimle Kal;8,01;459000;Rob Reiner;Stephen King;Coming-of-Age;$8,000,000 ;United States;861;1986;1h 29m;;;;
Şebeke;8,01;177000;Sidney Lumet;Paddy Chayefsky;Comedy;$3,800,000 ;United States;471;1976;2h 1m;;;;
Babam ve Oğlum;8,01;96000;Çagan Irmak;Çagan Irmak;Drama;Bilinmiyor;Turkey;151;2005;1h 48m;;;;
Hizmetçi;8,01;185000;Park Chan-wook;Sarah Waters;Romance;₩10,000,000,000 ;South Korea;374;2016;2h 25m;;;;
Demir Dev;8,01;241000;Brad Bird;Tim McCanlies;Alien Invasion;$70,000,000 ;United States;660;1999;1h 26m;;;;
Olmak ya da Olmamak;8,01;46000;Ernst Lubitsch;Melchior Lengyel;Comedy;Bilinmiyor;United States;182;1942;1h 39m;;;;
Cezayir Savaşı;8,01;70000;Gillo Pontecorvo;Franco Solinas;Drama;$800,000 ;Italy;334;1966;2h 1m;;;;
Into the Wild;8,01;675000;Sean Penn;Sean Penn;Coming-of-Age;$15,000,000 ;United States;1.200;2007;2h 28m;;;;
Gazap Üzümleri;8,01;103000;John Ford;Nunnally Johnson;Drama;$800,000 ;United States;459;1940;2h 9m;;;;
Bugün Aslında Dündü;8;710000;Harold Ramis;Danny Rubin;Romance;$14,600,000 ;United States;991;1993;1h 41m;;;;
Duyguların Rengi;8,01;508000;Tate Taylor;Tate Taylor;Drama;$25,000,000 ;United States;714;2011;2h 26m;;;;
Koe no katachi;8,01;115000;Naoko Yamada;Yoshitoki Ôima;Anime;Bilinmiyor;Japan;415;2016;2h 10m;;;;
Paramparça Aşklar Köpekler;8;259000;Alejandro G. Iñárritu;Guillermo Arriaga;Tragedy;$2,000,000 ;Mexico;439;2000;2h 34m;;;;
Rebeka;8,01;152000;Alfred Hitchcock;Daphne Du Maurier;Romance;$1,288,000 ;United States;430;1940;2h 10m;;;;
Bir İdam Mahkûmu Kaçtı;8,01;28000;Robert Bresson;André Devigny;Drama;Bilinmiyor;France;102;1956;1h 41m;;;;
